s.no,name,price
1,HTC U12 price,Coming Soon
2,Nokia 2.1 Plus price,Coming Soon
3,Motorola One action price,Coming Soon
4,Vivo X30 price,Coming Soon
5,Huawei Mate 20 price,Coming Soon
6,Huawei P Smart 2019 price,Coming Soon
7,Vivo Z1 Pro price,Coming Soon
8,Huawei Y6II Compact price,Coming Soon
9,Oppo Realme U1 price,Coming Soon
10,Huawei Nova 5 Pro price,Coming Soon
11,Sony Xperia X Ultra price,Coming Soon
12,Honor 9X Pro price,Coming Soon
13,Motorola Moto G4 Play price,Coming Soon
14,Vivo Apex price,Coming Soon
15,Xiaomi Redmi 7 Pro price,Coming Soon
16,Vivo iQoo Neo price,Coming Soon
17,Alcatel Idol 5 price,Coming Soon
18,Oppo R15 price,Coming Soon
19,Samsung Galaxy M10 price,Coming Soon
20,Motorola One Pro price,Coming Soon
21,LG G8s ThinQ price,Coming Soon
22,Meizu M16s price,Coming Soon
23,Xiaomi CC9e price,Coming Soon
24,Xiaomi Mido price,Coming Soon
25,Huawei Nova 2 price,Coming Soon
26,Xiaomi CC9 price,Coming Soon
27,Samsung Galaxy M30s price,Coming Soon
28,Alcatel Idol 4 Pro price,Coming Soon
29,Lenovo Z5s price,Coming Soon
30,Huawei Nova 5i Pro price,Coming Soon
31,Motorola Moto Z2 Play price,Coming Soon
32,Huawei Nova 4 price,Coming Soon
33,Motorola Moto E6 Plus price,Coming Soon
34,Oppo R17 Neo price,Coming Soon
35,Huawei Mate 30 Lite price,Coming Soon
36,Oppo A77 price,Coming Soon
37,Lenovo Z6 price,Coming Soon
38,Lenovo Vibe P1 Turbo price,Coming Soon
39,Xiaomi Mi CC9 price,Coming Soon
40,Meizu C9 Pro price,Coming Soon
41,Xiaomi Mi CC9e price,Coming Soon
42,Huawei Y7 price,Coming Soon
43,LG Stylo 3 Plus price,Coming Soon
44,Huawei Y7 2018 price,Coming Soon
45,Sony Xperia XZ4 Compact price,Coming Soon
46,Motorola Moto Z2 Force price,Coming Soon
47,Oppo R15 Plus price,Coming Soon
48,Tecno Camon 11 Pro price,Coming Soon
49,Huawei Y6 2017 price,Coming Soon
50,Vivo NEX 2 price,Coming Soon
51,Xiaomi Mi CC9 Meitu Custom Edition price,Coming Soon
52,LG G5 Stylus price,Coming Soon
53,LG Stylo 5 price,Coming Soon
54,Lenovo K6 Power price,Coming Soon
55,Huawei Honor 6A price,Coming Soon
56,Vivo NEX Dual Display price,Coming Soon
57,LG G5 Lite price,Coming Soon
58,Motorola Moto G5S price,Coming Soon
59,Alcatel Shine Lite price,Coming Soon
60,Vivo Y85 price,Coming Soon
61,Realme 1 price,Coming Soon
62,Meizu 16s Pro price,Coming Soon
63,Realme 2 price,Coming Soon
64,Honor Play 8 price,Coming Soon
65,Huawei Nova 2 Plus price,Coming Soon
66,Vivo X21 price,Coming Soon
67,Realme 3i price,Coming Soon
68,Vivo X21 UD price,Coming Soon
69,Infinix Note 6 price,Coming Soon
70,Xiaomi Mi 6c price,Coming Soon
71,Realme U1 price,Coming Soon
72,Samsung Galaxy A50s price,Coming Soon
73,Xiaomi Mi Note 3 price,Coming Soon
74,HTC Desire 12S price,Coming Soon
75,Tecno Phantom 9 price,Coming Soon
76,Alcatel Flash 2 price,Coming Soon
77,Oppo A1 price,Coming Soon
78,Nokia 4 price,Coming Soon
79,Huawei Y7 2019 price,Coming Soon
80,Vivo Z5 price,Coming Soon
81,Samsung Galaxy J7 Prime 2018 price,Coming Soon
82,Huawei Y6 2019 price,Coming Soon
83,Xiaomi Play price,Coming Soon
84,Xiaomi Black Shark 2 Pro price,Coming Soon
85,Lenovo K5 2018 price,Coming Soon
86,Nokia 220 4G price,Coming Soon
87,Oppo A30 price,Coming Soon
88,Motorola Moto Z2 price,Coming Soon
89,Samsung Galaxy S10 Edge price,Coming Soon
90,Samsung Galaxy C10 price,Coming Soon
91,Alcatel 1x price,Coming Soon
92,Lenovo K11 price,Coming Soon
93,iNew Pandora R9 price,Coming Soon
94,Nokia 8.2 price,Coming Soon
95,Xiaomi Mi Play price,Coming Soon
96,Vivo V17 price,Coming Soon
97,Vivo V12 Pro price,Coming Soon
98,Vivo V17 Neo price,Coming Soon
99,Realme A1 price,Coming Soon
100,LG Volt price,Coming Soon
101,Motorola P40 price,Coming Soon
102,Lenovo A6 Note price,Coming Soon
103,Huawei Y7 Pro 2019 price,Coming Soon
104,Samsung Galaxy M20s price,Coming Soon
105,BlackBerry DTEK60 price,Coming Soon
106,Oppo A9s price,Coming Soon
107,Xiaomi Mi 9 price,Coming Soon
108,LG X2 2019 price,Coming Soon
109,Xiaomi Mi 5s Plus price,Coming Soon
110,Samsung Galaxy S10E price,Coming Soon
111,Oppo R9 Plus price,Coming Soon
112,Meizu M15 Lite price,Coming Soon
113,Nokia 8.1 Plus price,Coming Soon
114,Meizu M15 Plus price,Coming Soon
115,Samsung Galaxy M10s price,Coming Soon
116,Samsung Galaxy J7 Duo price,Coming Soon
117,Meizu M15 price,Coming Soon
118,Meizu Note 9 price,Coming Soon
119,Nokia D1C price,Coming Soon
120,LG Tribute HD price,Coming Soon
121,Xiaomi Redmi Note 7 Pro price,Coming Soon
122,HTC WildFire X price,Coming Soon
123,Lenovo A5s price,Coming Soon
124,Sony Xperia XZ2 Premium price,Coming Soon
125,Oppo A3 price,Coming Soon
126,Motorola Moto G7 Power price,Coming Soon
127,Huawei Nova 5T price,Coming Soon
128,Huawei P20 price,Coming Soon
129,Motorola Moto G7 Play price,Coming Soon
130,Samsung Galaxy A90 5G price,Coming Soon
131,Motorola Moto Razr 2019 price,Coming Soon
132,Xiaomi Mi 5 price,Coming Soon
133,Vivo Y89 price,Coming Soon
134,Xiaomi Mi 4S price,Coming Soon
135,Oppo F19 price,Coming Soon
136,Vivo APEX 2019 price,Coming Soon
137,Xiaomi Mi 4i price,Coming Soon
138,HTC Bolt price,Coming Soon
139,Huawei P Smart Pro price,Coming Soon
140,Xiaomi Redmi Note 3 price,Coming Soon
141,Oppo Reno 2Z price,Coming Soon
142,Xiaomi Redmi 3 price,Coming Soon
143,Oppo Find X2 price,Coming Soon
144,Motorola Moto G7 Plus price,Coming Soon
145,Xiaomi Mi 5X price,Coming Soon
146,Vivo NEX 3 5G price,Coming Soon
147,Motorola Moto E5 Play price,Coming Soon
148,Meizu Zero price,Coming Soon
149,Meizu 15 price,Coming Soon
150,Meizu M9 Note price,Coming Soon
151,Oppo R9s Plus price,Coming Soon
152,Nokia X6 price,Coming Soon
153,Samsung Galaxy A9 Pro 2019 price,Coming Soon
154,Samsung Galaxy C9 Pro price,Coming Soon
155,OnePlus 7T Pro price,Coming Soon
156,Samsung Galaxy A8 Star price,Coming Soon
157,OnePlus 7T price,Coming Soon
158,Samsung Galaxy C7 2017 price,Coming Soon
159,Huawei Mate 9 Pro price,Coming Soon
160,HTC U12 Life price,Coming Soon
161,Vivo iQoo Pro 4G price,Coming Soon
162,Vivo Y83 price,Coming Soon
163,Realme C1 2019 price,Coming Soon
164,LG K50S price,Coming Soon
165,LG K40S price,Coming Soon
166,Lenovo Vibe X3 price,Coming Soon
167,Huawei Enjoy 6 price,Coming Soon
168,Huawei Y7 Pro 2018 price,Coming Soon
169,Oppo Reno A price,Coming Soon
170,Samsung Galaxy S8 Lite price,Coming Soon
171,Sony Xperia XZ4 price,Coming Soon
172,Lenovo Z5 price,Coming Soon
173,Apple iPhone XI price,Coming Soon
174,Vivo Z1X price,Coming Soon
175,Lenovo K8 Note price,Coming Soon
176,Xiaomi Mi Max 4 price,Coming Soon
177,Vivo iQoo Pro 5G price,Coming Soon
178,Xiaomi Mi Max 4 Pro price,Coming Soon
179,Honor 8S Pro price,Coming Soon
180,Lenovo Phab Plus price,Coming Soon
181,Meizu M8c price,Coming Soon
182,Oppo Find Z price,Coming Soon
183,Honor V30 price,Coming Soon
184,Samsung Galaxy A9 Pro price,Coming Soon
185,Xiaomi Redmi 4 Prime price,Coming Soon
186,Samsung Galaxy A40 price,Coming Soon
187,Honor 20S price,Coming Soon
188,General Mobile 5 price,Coming Soon
189,Motorola Moto Z4 Play price,Coming Soon
190,Lenovo Zuk Edge price,Coming Soon
191,Vivo Z1 price,Coming Soon
192,LG K12 Plus price,Coming Soon
193,Honor 20SE price,Coming Soon
194,Lenovo Zuk Z2 Pro price,Coming Soon
195,Huawei Honor Note 9 price,Coming Soon
196,Honor 9i price,Coming Soon
197,Samsung Galaxy A91 price,Coming Soon
198,Samsung Galaxy Fold price,Coming Soon
199,Realme Q price,Coming Soon
200,Samsung Galaxy C5 price,Coming Soon
201,Nokia 5.1 price,Coming Soon
202,Sony Xperia 10 price,Coming Soon
203,Motorola Moto G8 Play price,Coming Soon
204,Sony Xperia 10 Plus price,Coming Soon
205,LG Q70 price,Coming Soon
206,Lenovo K8 Plus price,Coming Soon
207,Xiaomi Mi 8 SE price,Coming Soon
208,Lenovo K10 Note price,Coming Soon
209,Motorola Power One price,Coming Soon
210,Samsung Galaxy C7 Pro price,Coming Soon
211,Lenovo K5 Note 2018 price,Coming Soon
212,Tecno Camon iACE2X price,Coming Soon
213,Lenovo A5 price,Coming Soon
214,Samsung Galaxy A71 price,Coming Soon
215,Vivo NEX S price,Coming Soon
216,Samsung Galaxy C5 Pro price,Coming Soon
217,LG Q Stylus price,Coming Soon
218,Vivo U1 price,Coming Soon
219,Vivo NEX 3 price,Coming Soon
220,Xiaomi Mi Mix Nano price,Coming Soon
221,Samsung Galaxy J3 2018 price,Coming Soon
222,LG K11 price,Coming Soon
223,Samsung Galaxy J7 2018 price,Coming Soon
224,Realme XT Pro price,Coming Soon
225,Sony Xperia XZ3 price,Coming Soon
226,LG Q60 price,Coming Soon
227,Oppo Reno 2 5G price,Coming Soon
228,Xiaomi Mi 9 SE price,Coming Soon
229,Honor Play 3 price,Coming Soon
230,Meizu 16 price,Coming Soon
231,LG K50 price,Coming Soon
232,Sony Xperia 5 price,Coming Soon
233,HTC Desire 650 price,Coming Soon
234,Xiaomi Mi 5c price,Coming Soon
235,Alcatel U5 HD price,Coming Soon
236,Sony Xperia 1 price,Coming Soon
237,Xiaomi Redmi 6 Pro price,Coming Soon
238,Alcatel 1s price,Coming Soon
239,Alcatel 3 price,Coming Soon
240,Nokia 800 Tough price,Coming Soon
241,Huawei Mate X price,Coming Soon
242,Nokia 2720 Flip price,Coming Soon
243,Xiaomi Mi Mix price,Coming Soon
244,Alcatel A7 price,Coming Soon
245,Oppo T1 price,Coming Soon
246,Nokia D1C 5.5 price,Coming Soon
247,Sony Xperia XZ1 Compact price,Coming Soon
248,Samsung Galaxy J2 Pro 2019 price,Coming Soon
249,Nokia 4.2 price,Coming Soon
250,LG G8X ThinQ price,Coming Soon
251,Motorola Moto G5 price,Coming Soon
252,Samsung Galaxy J7 Plus price,Coming Soon
253,LG Class price,Coming Soon
254,Xiaomi Mi Mix 3 5G price,Coming Soon
255,Honor Note 10 price,Coming Soon
256,Alcatel 3L price,Coming Soon
257,LG K40 price,Coming Soon
258,Vivo X27 price,Coming Soon
259,Vivo U10 price,Coming Soon
260,Sony Xperia E4g price,Coming Soon
261,Sony Xperia XA2 Plus price,Coming Soon
262,Meizu 16s Plus price,Coming Soon
263,Oppo Reno Ace price,Coming Soon
264,HTC Butterfly 3 price,Coming Soon
265,Vivo iQoo price,Coming Soon
266,Realme XT 730G price,Coming Soon
267,Huawei P9 Lite mini price,Coming Soon
268,Meizu 16s price,Coming Soon
269,Huawei Nova 4e price,Coming Soon
270,Alcatel 5v price,Coming Soon
271,Honor 20 price,Coming Soon
272,Xiaomi Mi 9 Pro 5G price,Coming Soon
273,Alcatel A7 XL price,Coming Soon
274,OnePlus 7 price,Coming Soon
275,Lenovo K8 price,Coming Soon
276,Samsung Galaxy A60 price,Coming Soon
277,LG K3 2017 price,Coming Soon
278,Realme X2 price,Coming Soon
279,Oppo R7s price,Coming Soon
280,Alcatel Flash Plus 2 price,Coming Soon
281,Huawei Honor Magic price,Coming Soon
282,Meizu 16 Plus price,Coming Soon
283,Lenovo K10 price,Coming Soon
284,Lenovo K10 Plus price,Coming Soon
285,Vivo X27 Pro price,Coming Soon
286,Huawei Mate 30 Pro 5G price,Coming Soon
287,Xiaomi Pocophone F2 price,Coming Soon
288,Sony Xperia 4 price,Coming Soon
289,Oppo K5 price,Coming Soon
290,Oppo F9 Pro price,Coming Soon
291,Xiaomi Mi Mix Alpha price,Coming Soon
292,HTC U11 Life price,Coming Soon
293,Oppo Realme 1 price,Coming Soon
294,Honor 10i price,Coming Soon
295,Xiaomi Mi 9 Pro price,Coming Soon
296,HTC X10 price,Coming Soon
297,Huawei G10 price,Coming Soon
298,Samsung Galaxy A20e price,Coming Soon
299,BlackBerry Evolve X price,Coming Soon
300,Samsung Galaxy A5 2019 price,Coming Soon
301,Motorola Moto Z3 price,Coming Soon
302,Xiaomi Mi S price,Coming Soon
303,Huawei Mate 20 Lite price,Coming Soon
304,Xiaomi Pocophone F1 Lite price,Coming Soon
305,Realme X2 Pro price,Coming Soon
306,Lenovo Zuk Z2 price,Coming Soon
307,LG Q8 2018 price,Coming Soon
308,Oppo Reno Lamborghini price,Coming Soon
309,Oppo Reno Light Deluxe price,Coming Soon
310,Oppo A11 price,Coming Soon
311,Oppo R17 price,Coming Soon
312,Xiaomi Mi CC9 Pro price,Coming Soon
313,Xiaomi Redmi Note 4X price,Coming Soon
314,Oppo Reno Plus price,Coming Soon
315,Samsung Galaxy A5 2018 price,Coming Soon
316,Xiaomi Redmi Y3 price,Coming Soon
317,Oppo Reno Zoom price,Coming Soon
318,Motorola P30 price,Coming Soon
319,Honor V30 Pro price,Coming Soon
320,Oppo Realme 2 price,Coming Soon
321,Xiaomi Mi A3 Lite price,Coming Soon
322,Sony Xperia 8 price,Coming Soon
323,Samsung Galaxy J3 Pro price,Coming Soon
324,Sony Xperia XA3 price,Coming Soon
325,Motorola Moto Z4 price,Coming Soon
326,Nokia 8.2 5G price,Coming Soon
327,Samsung Galaxy Note 10 Lite price,Coming Soon
328,Oppo A39 price,Coming Soon
329,Vivo Y83 Pro price,Coming Soon
330,Motorola One Vision price,Coming Soon
331,Vivo Z1X 8GB price,Coming Soon
332,Oppo R7s Plus price,Coming Soon
333,Lenovo Phab 2 Pro price,Coming Soon
334,Xiaomi Mi 9X price,Coming Soon
335,Motorola Moto G8 Plus price,Coming Soon
336,Lenovo Phab2 price,Coming Soon
337,Vivo iQoo Lite price,Coming Soon
338,Lenovo Phab 2 Plus price,Coming Soon
339,Alcatel A3 XL price,Coming Soon
340,Motorola One price,Coming Soon
341,Sony Xperia 2 price,Coming Soon
342,Huawei Honor 6C Pro price,Coming Soon
343,Oppo AX5 price,Coming Soon
344,Huawei Mate 30 Pro price,Coming Soon
345,Huawei P Smart 2020 price,Coming Soon
346,Huawei Y6 Pro 2017 price,Coming Soon
347,Meizu 16X price,Coming Soon
348,Huawei Mate 30 price,Coming Soon
349,OnePlus 8 Pro price,Coming Soon
350,Xiaomi Redmi Note 3 Pro price,Coming Soon
351,Lenovo Vibe X3 Lite price,Coming Soon
352,Oppo A59 price,Coming Soon
353,Vivo Y75 price,Coming Soon
354,LG V40 ThinQ price,Coming Soon
355,Motorola Moto G8 price,Coming Soon
356,Huawei Nova 5z price,Coming Soon
357,Vivo Y66i price,Coming Soon
358,Vivo X23 price,Coming Soon
359,Huawei P40 price,Coming Soon
360,Honor 8X Max price,Coming Soon
361,Nokia X71 price,Coming Soon
362,Vivo U3 price,Coming Soon
363,Meizu M8 Lite price,Coming Soon
364,Oppo A7n price,Coming Soon
365,HTC Exodus 1s price,Coming Soon
366,Xiaomi Redmi 3s price,Coming Soon
367,Tecno Phantom 8 price,Coming Soon
368,LG G7 One price,Coming Soon
369,Samsung Galaxy Note 10E price,Coming Soon
370,Samsung Galaxy A51 price,Coming Soon
371,Xiaomi Mix Evo price,Coming Soon
372,Tecno Phantom 8 plus price,Coming Soon
373,LG G7 Fit price,Coming Soon
374,Xiaomi Redmi Note 8T price,Coming Soon
375,Motorola P40 Play price,Coming Soon
376,Realme 5s price,Coming Soon
377,Lenovo K80 price,Coming Soon
378,LG Q7 price,Coming Soon
379,Lenovo K6 Enjoy price,Coming Soon
380,Huawei Mate Xs price,Coming Soon
381,Oppo R11s price,Coming Soon
382,Vivo NEX A price,Coming Soon
383,Oppo Reno Lite price,Coming Soon
384,Nokia Heart price,Coming Soon
385,Vivo XPlay 7 price,Coming Soon
386,Oppo Reno S price,Coming Soon
387,Apple iPhone XS Plus price,Coming Soon
388,Lenovo Z6 Pro price,Coming Soon
389,Oppo A73 price,Coming Soon
390,Honor Magic 2 price,Coming Soon
391,Oppo Reno Pro price,Coming Soon
392,Huawei Nova 6 price,Coming Soon
393,Xiaomi Mi Mix 3 price,Coming Soon
394,Vivo Y5 price,Coming Soon
395,Lenovo Z5 Pro GT price,Coming Soon
396,Nokia P1 price,Coming Soon
397,Meizu M8 price,Coming Soon
398,Honor 20i price,Coming Soon
399,Sony Xperia XA 2017 price,Coming Soon
400,Oppo R11s Plus price,Coming Soon
401,LG V40 price,Coming Soon
402,Honor 20 Lite price,Coming Soon
403,Vivo iQoo Neo 855 price,Coming Soon
404,Xiaomi Redmi Pro 2 price,Coming Soon
405,LG Q9 price,Coming Soon
406,Motorola Moto G Turbo Edition price,Coming Soon
407,Infinix Zero 5 Pro price,Coming Soon
408,Xiaomi Mi Note 10 price,Coming Soon
409,Xiaomi Mi 8X price,Coming Soon
410,Realme 6 price,Coming Soon
411,Xiaomi Mi 7 price,Coming Soon
412,Huawei Y10 price,Coming Soon
413,OnePlus 7 Pro price,Coming Soon
414,Vivo S5 price,Coming Soon
415,Sony Xperia Z5 Premium 2017 price,Coming Soon
416,Apple iPhone X Plus price,Coming Soon
417,Motorola P30 Play price,Coming Soon
418,Oppo Find 9 price,Coming Soon
419,Oppo A79 price,Coming Soon
420,Xiaomi Mi 8 Youth price,Coming Soon
421,Motorola Razr Fold price,Coming Soon
422,Nokia 2.3 price,Coming Soon
423,Lenovo Vibe C2 price,Coming Soon
424,Oppo A7X price,Coming Soon
425,Honor 8A Pro price,Coming Soon
426,Xiaomi Mi Note 10 Pro price,Coming Soon
427,LG X Mach price,Coming Soon
428,Vivo X30 Pro price,Coming Soon
429,Vivo V11i price,Coming Soon
430,Oppo Reno 3 price,Coming Soon
431,Motorola One Hyper price,Coming Soon
432,Oppo R9S price,Coming Soon
433,Vivo Y97 price,Coming Soon
434,Samsung Galaxy Note 10 Pro price,Coming Soon
435,Vivo S5 Pro price,Coming Soon
436,Xiaomi markw price,Coming Soon
437,OnePlus 6T price,Coming Soon
438,Xiaomi Mi Note 2 price,Coming Soon
439,Samsung Galaxy J6 Prime price,Coming Soon
440,Vivo Z5i price,Coming Soon
441,Xiaomi Redmi 3x price,Coming Soon
442,Realme C2 2020 price,Coming Soon
443,Alcatel Idol 5s price,Coming Soon
444,Samsung Galaxy A40s price,Coming Soon
445,Samsung Galaxy A10e price,Coming Soon
446,Meizu 16T price,Coming Soon
447,Vivo U20 price,Coming Soon
448,LG K10 2018 price,Coming Soon
449,LG X4 2019 price,Coming Soon
450,Samsung Galaxy A01 price,Coming Soon
451,HTC Desire 19s price,Coming Soon
452,Samsung Galaxy M40 price,Coming Soon
453,LG Neo One price,Coming Soon
454,Xiaomi Mi Max 3 price,Coming Soon
455,Meizu X8 price,Coming Soon
456,Oppo A9 price,Coming Soon
457,Xiaomi Redmi K30 price,Coming Soon
458,LG X Skin price,Coming Soon
459,HTC One X10 price,Coming Soon
460,Xiaomi Mi 8 Pro price,Coming Soon
461,Huawei Y6s price,Coming Soon
462,LG X5 price,Coming Soon
463,Oppo A85 price,Coming Soon
464,Meizu V8 Pro price,Coming Soon
465,Huawei P Smart Z price,Coming Soon
466,Apple iPhone 12 Pro price,Coming Soon
467,Huawei Honor 8 Pro price,Coming Soon
468,Meizu V8 price,Coming Soon
469,Realme X price,Coming Soon
470,Apple iPhone 12 price,Coming Soon
471,Xiaomi Capricorn price,Coming Soon
472,Nokia 7.1 Plus price,Coming Soon
473,Vivo Z3x price,Coming Soon
474,Apple iPhone 12 Pro Max price,Coming Soon
475,LG X power 2 price,Coming Soon
476,Meizu 17 price,Coming Soon
477,Huawei Nova 6 SE price,Coming Soon
478,Alcatel 3C price,Coming Soon
479,Lenovo Z5 Pro price,Coming Soon
480,Realme X50 price,Coming Soon
481,Xiaomi Mi Note 2 Pro price,Coming Soon
482,Vivo V9 Pro price,Coming Soon
483,Samsung Galaxy S11e price,Coming Soon
484,Xiaomi Redmi X price,Coming Soon
485,Samsung Galaxy S11 Plus price,Coming Soon
486,Meizu M6s price,Coming Soon
487,Realme X Pro price,Coming Soon
488,Xiaomi Redmi K30 Pro price,Coming Soon
489,Sony Xperia XA2 price,Coming Soon
490,Realme X Lite price,Coming Soon
491,Oppo Reno 3 Pro price,Coming Soon
492,Motorola Moto Z4 Force price,Coming Soon
493,Samsung Galaxy A11 price,Coming Soon
494,Motorola Moto E 3rd gen price,Coming Soon
495,Alcatel A5 LED price,Coming Soon
496,Oppo Realme C1 price,Coming Soon
497,Samsung Galaxy A31 price,Coming Soon
498,LG X Max price,Coming Soon
499,Alcatel U5 price,Coming Soon
500,Oppo K1 price,Coming Soon
501,Vivo S1 Pro price,Coming Soon
502,Samsung Galaxy A41 price,Coming Soon
503,Alcatel A3 price,Coming Soon
504,Samsung Galaxy A6S price,Coming Soon
505,Xiaomi Mi Mix 4 price,Coming Soon
506,Xiaomi Mi 10 Pro price,Coming Soon
507,Sony Xperia XZ Pro price,Coming Soon
508,Sony Xperia L3 price,Coming Soon
509,Xiaomi Redmi K20 Pro price,Coming Soon
510,Oppo R11 price,Coming Soon
511,Vivo Z3i price,Coming Soon
512,Sony Xperia XZ Compact price,Coming Soon
513,Xiaomi Redmi Pro price,Coming Soon
514,Motorola Moto G6 Play price,Coming Soon
515,Sony Xperia XA3 Ultra price,Coming Soon
516,Apple iPhone XR 2019 price,Coming Soon
517,Realme 5i price,Coming Soon
518,Alcatel 3V price,Coming Soon
519,Vivo Y71i price,Coming Soon
520,Oppo K3 price,Coming Soon
521,Motorola Moto X5 price,Coming Soon
522,Motorola Moto G7 price,Coming Soon
523,Haier Esteem i95 price,Coming Soon
524,BlackBerry DTEK70 price,Coming Soon
525,Motorola Moto Z3 Play price,Coming Soon
526,Huawei Nova 5 price,Coming Soon
527,Vivo Z3 price,Coming Soon
528,Honor 9X price,Coming Soon
529,Nokia 7 price,Coming Soon
530,Oppo R19 price,Coming Soon
531,Vivo Y3 price,Coming Soon
532,Vivo X20 Plus UD price,Coming Soon
533,Huawei P20 Lite 2019 price,Coming Soon
534,LG G4 Pro price,Coming Soon
535,Huawei Mate 20X price,Coming Soon
536,Oppo Reno Z price,Coming Soon
537,Lenovo S5 Pro price,Coming Soon
538,Xiaomi Redmi K20 price,Coming Soon
539,Alcatel 5 price,Coming Soon
540,Vivo Z5x price,Coming Soon
541,Meizu Note 8 price,Coming Soon
542,Huawei Nova 5i price,Coming Soon
543,Xiaomi Redmi Note 7s price,Coming Soon
544,Xiaomi Mi 6 Plus price,Coming Soon
545,Lenovo K9 price,Coming Soon
546,Oppo A9x price,Coming Soon
547,Lenovo K5 Pro price,Coming Soon
548,Sony Xperia 20 price,Coming Soon
549,HTC Breeze price,Coming Soon
550,Lenovo K5s price,Coming Soon
551,Xiaomi Redmi 7A price,Coming Soon
552,HTC Nexus S1 price,Coming Soon
553,Meizu 16Xs price,Coming Soon
554,Samsung Galaxy S11 price,Coming Soon
555,Xiaomi Redmi 3s Prime price,Coming Soon
556,LG V30s price,Coming Soon
557,Huawei Y9 2019 6GB price,Coming Soon
558,Xiaomi Redmi 4 price,Coming Soon
559,Vivo X21S price,Coming Soon
560,HTC U price,Coming Soon
561,Xiaomi Mi Mix 2s price,Coming Soon
562,Samsung Galaxy F price,Coming Soon
563,Samsung Galaxy A70S price,Coming Soon
564,Nokia 9 price,Coming Soon
565,Meizu E3 price,Coming Soon
566,Honor View 20 price,Coming Soon
567,Xiaomi Redmi Go 16GB price,Coming Soon
568,LG K3 price,Coming Soon
569,Motorola Moto X 2017 price,Coming Soon
570,Xiaomi Pocophone F2 Pro price,Coming Soon
571,Sony Xperia XZ2 Compact price,Coming Soon
572,Nokia 5.2 price,Coming Soon
573,Sony Xperia XZ2 price,Coming Soon
574,Xiaomi Mi 9T Pro price,Coming Soon
575,Lenovo Lemon 3 price,Coming Soon
576,Alcatel Tru price,Coming Soon
577,Alcatel Flash price,Coming Soon
578,LG G7 price,Coming Soon
579,Samsung Galaxy Note 10 5G price,Coming Soon
580,LG K8 2018 price,Coming Soon
581,Samsung Galaxy A90 price,Coming Soon
582,Samsung Galaxy Xcover 4s price,Coming Soon
583,HTC Nexus Marlin price,Coming Soon
584,HTC Desire 728 Ultra price,Coming Soon
585,Huawei Mate S2 price,Coming Soon
586,Samsung Galaxy M30 price,Coming Soon
587,Nokia 8 Sirocco price,Coming Soon
588,Samsung Galaxy M20 price,Coming Soon
589,Motorola Moto C price,Coming Soon
590,Honor V20 price,Coming Soon
591,HTC U19e price,Coming Soon
592,HTC Desire 19 Plus price,Coming Soon
593,Oppo R11 Plus price,Coming Soon
594,Vivo X15 price,Coming Soon
595,Samsung Galaxy C9 price,Coming Soon
596,Samsung Galaxy S10 Lite price,Coming Soon
597,Oppo A1s price,Coming Soon
598,HTC Desire 12 Plus price,Coming Soon
599,Vivo Z1 Lite price,Coming Soon
600,Realme 4 price,Coming Soon
601,Apple iPhone 11 Pro Max price,"Rs. 235,899"
602,Samsung Galaxy S10 Plus 512GB price,"Rs. 219,999"
603,Apple iPhone 11 Pro price,"Rs. 218,099"
604,Samsung Galaxy Note 10 Plus price,"Rs. 195,999"
605,Samsung Galaxy Note 9 512GB price,"Rs. 170,000"
606,Samsung Galaxy Note 10 price,"Rs. 169,999"
607,Samsung Galaxy S10 Plus price,"Rs. 164,999"
608,Apple iPhone 11 price,"Rs. 164,699"
609,Huawei P30 Pro price,"Rs. 157,600"
610,Apple iPhone XS Max price,"Rs. 151,999"
611,Apple iPhone XS price,"Rs. 146,999"
612,Apple iPhone7 Plus 128GB price,"Rs. 144,999"
613,Samsung Galaxy S10 price,"Rs. 144,999"
614,Apple iPhone X price,"Rs. 141,999"
615,Samsung Galaxy Note 9 price,"Rs. 139,999"
616,Oppo Find X price,"Rs. 129,999"
617,Apple iphone 8 Plus price,"Rs. 121,999"
618,Huawei Mate 20 Pro price,"Rs. 119,999"
619,Samsung Galaxy A80 price,"Rs. 114,999"
620,Apple iPhone XR price,"Rs. 114,999"
621,HTC U12 Plus price,"Rs. 112,999"
622,Samsung Galaxy S9 Plus 128GB price,"Rs. 111,999"
623,Samsung Galaxy S9 Plus price,"Rs. 110,999"
624,Apple iPhone 7 Plus 256GB price,"Rs. 109,999"
625,Oppo Reno 10X Zoom price,"Rs. 109,999"
626,BlackBerry Key 2 price,"Rs. 102,999"
627,Apple iPhone 7 Plus price,"Rs. 100,899"
628,Huawei P20 Pro price,"Rs. 99,999"
629,Honor 20 Pro price,"Rs. 99,999"
630,Apple iphone 8 price,"Rs. 94,999"
631,Samsung Galaxy S9 price,"Rs. 91,000"
632,Apple iphone 7 256GB price,"Rs. 90,999"
633,Samsung Galaxy Note 8 price,"Rs. 89,999"
634,Huawei P30 price,"Rs. 89,999"
635,Apple iphone 6s Plus 128GB price,"Rs. 82,000"
636,LG V30 Plus price,"Rs. 80,999"
637,HTC U11 Plus price,"Rs. 80,799"
638,Oppo Reno 2 price,"Rs. 79,999"
639,Oppo R17 Pro price,"Rs. 79,999"
640,Samsung Galaxy A9 2018 price,"Rs. 79,999"
641,OnePlus 6 price,"Rs. 78,000"
642,Apple iphone 6s Plus 64GB price,"Rs. 76,999"
643,Sony Xperia X Premium price,"Rs. 75,000"
644,LG V30 price,"Rs. 74,999"
645,Huawei Mate 10 Pro price,"Rs. 74,999"
646,Apple iphone 7 price,"Rs. 73,899"
647,Apple iphone 7 128GB price,"Rs. 72,999"
648,Sony Xperia XZ Premium price,"Rs. 71,999"
649,Oppo Reno price,"Rs. 69,999"
650,Vivo V17 Pro price,"Rs. 66,999"
651,OnePlus 5T price,"Rs. 65,000"
652,Xiaomi Mi 8 price,"Rs. 64,999"
653,OnePlus 5 price,"Rs. 64,999"
654,Apple iphone 6s Plus price,"Rs. 64,999"
655,Sony Xperia XZ1 price,"Rs. 63,999"
656,Honor 10 price,"Rs. 59,999"
657,Oppo Reno 2F price,"Rs. 59,999"
658,Vivo V15 Pro price,"Rs. 59,999"
659,Meizu Pro 7 Plus price,"Rs. 59,999"
660,Huawei Nova 3 price,"Rs. 59,999"
661,Samsung Galaxy A70 price,"Rs. 59,999"
662,Xiaomi Mi 9T price,"Rs. 58,999"
663,BlackBerry Evolve price,"Rs. 57,999"
664,Huawei Honor 9 price,"Rs. 56,999"
665,LG G6 price,"Rs. 55,900"
666,Oppo F11 Pro price,"Rs. 54,999"
667,Realme XT price,"Rs. 54,999"
668,LG Q8 price,"Rs. 53,999"
669,Vivo V11 Pro price,"Rs. 53,999"
670,Xiaomi Mi Mix 2 price,"Rs. 52,999"
671,LG Optimus G price,"Rs. 52,800"
672,BlackBerry Motion price,"Rs. 52,249"
673,HTC One A9 price,"Rs. 51,999"
674,Xiaomi Mi 9 Lite price,"Rs. 51,999"
675,Xiaomi Pocophone F1 price,"Rs. 51,999"
676,HTC One M10 price,"Rs. 51,500"
677,HTC 10 price,"Rs. 51,500"
678,Sony Xperia XZs price,"Rs. 51,500"
679,Lenovo Vibe Z2 price,"Rs. 51,000"
680,HTC One E8 price,"Rs. 50,000"
681,Samsung Galaxy A6 Plus 2018 price,"Rs. 49,999"
682,Samsung Galaxy A7 2018 price,"Rs. 49,999"
683,Vivo S1 price,"Rs. 49,999"
684,Alcatel Idol 4s price,"Rs. 49,500"
685,Samsung Galaxy A50 price,"Rs. 48,999"
686,Sony Xperia X Performance price,"Rs. 48,999"
687,Apple iphone 6s price,"Rs. 48,999"
688,Sony Xperia XA2 Ultra price,"Rs. 48,999"
689,Honor 9 price,"Rs. 47,999"
690,HTC One M9 price,"Rs. 47,900"
691,Sony Xperia X Compact price,"Rs. 47,700"
692,Nokia 7.2 price,"Rs. 47,500"
693,Realme 2 Pro price,"Rs. 46,999"
694,Meizu Pro 7 price,"Rs. 45,999"
695,LG Stylus 2 Plus price,"Rs. 45,000"
696,BlackBerry DTEK50 price,"Rs. 45,000"
697,Sony Xperia Z5 Premium price,"Rs. 44,499"
698,BlackBerry Priv price,"Rs. 44,000"
699,Apple iphone 6 price,"Rs. 43,999"
700,Realme 5 Pro 8GB price,"Rs. 43,999"
701,Vivo V11 price,"Rs. 43,999"
702,Xiaomi Mi 6 price,"Rs. 43,999"
703,Motorola Moto Z Play price,"Rs. 43,900"
704,LG G Vista 2 price,"Rs. 43,500"
705,Oppo F11 6GB price,"Rs. 42,999"
706,Oppo A9 2020 price,"Rs. 42,999"
707,Xiaomi Redmi Note 8 Pro 128GB price,"Rs. 42,999"
708,Apple iphone 6 Plus price,"Rs. 42,999"
709,Samsung Galaxy A30s 128GB price,"Rs. 42,999"
710,Huawei Y9s 2019 price,"Rs. 42,999"
711,Samsung Galaxy A6 price,"Rs. 42,899"
712,HTC One price,"Rs. 42,000"
713,HTC Butterfly S price,"Rs. 42,000"
714,Motorola Moto G6 Plus price,"Rs. 42,000"
715,Sony Xperia XZ price,"Rs. 41,999"
716,Sony Xperia Z5 Compact price,"Rs. 41,999"
717,Honor Play price,"Rs. 41,999"
718,LG G Pro 2 price,"Rs. 41,500"
719,LG V10 price,"Rs. 41,500"
720,Samsung Galaxy J8 2018 price,"Rs. 40,999"
721,Sony Xperia Z5 price,"Rs. 40,000"
722,Huawei Honor 7 price,"Rs. 40,000"
723,Samsung Galaxy A30s price,"Rs. 39,999"
724,Xiaomi Redmi Note 8 Pro price,"Rs. 39,999"
725,Huawei P30 Lite price,"Rs. 39,999"
726,Vivo V15 price,"Rs. 39,999"
727,Tecno Phantom 6 Plus price,"Rs. 39,999"
728,HTC U Ultra price,"Rs. 39,999"
729,Realme 3 Pro 6GB price,"Rs. 39,999"
730,Nokia 8.1 price,"Rs. 39,899"
731,Samsung Galaxy A30 price,"Rs. 37,999"
732,LG X venture price,"Rs. 37,999"
733,Realme 5 Pro price,"Rs. 37,999"
734,Infinix Note 5 Stylus price,"Rs. 37,899"
735,Motorola Moto X Style price,"Rs. 37,500"
736,HTC One X9 price,"Rs. 37,500"
737,Xiaomi Mi A2 price,"Rs. 36,999"
738,Huawei Nova 3i price,"Rs. 36,999"
739,Lenovo Vibe P2 price,"Rs. 36,900"
740,Sony Xperia XA1 Ultra price,"Rs. 36,500"
741,Lenovo Vibe S1 price,"Rs. 36,500"
742,Motorola Moto G6 price,"Rs. 36,499"
743,Oppo F11 price,"Rs. 35,999"
744,Vivo S1 4GB price,"Rs. 35,999"
745,Huawei Y9 Prime 2019 price,"Rs. 35,999"
746,Nokia 8 price,"Rs. 35,990"
747,Nokia 6.2 price,"Rs. 35,850"
748,General Mobile 5 Plus price,"Rs. 35,555"
749,Realme 3 Pro price,"Rs. 35,499"
750,LG X Cam price,"Rs. 35,000"
751,Lenovo S5 price,"Rs. 34,999"
752,Huawei Mate 10 Lite price,"Rs. 34,999"
753,Honor 8X price,"Rs. 34,999"
754,Samsung Galaxy J7 Pro price,"Rs. 34,999"
755,Huawei P20 Lite price,"Rs. 34,999"
756,Xiaomi Redmi Note 6 Pro 4GB price,"Rs. 34,999"
757,Samsung Galaxy J7 Pro 64GB price,"Rs. 34,500"
758,Lenovo Vibe P1 price,"Rs. 34,000"
759,Sony Xperia X price,"Rs. 33,999"
760,Xiaomi Mi A3 price,"Rs. 33,999"
761,Vivo Y17 price,"Rs. 33,999"
762,Nokia 7.1 price,"Rs. 33,899"
763,Sony Xperia XA Ultra price,"Rs. 33,499"
764,Xiaomi Mi 8 Lite price,"Rs. 33,499"
765,HTC Desire 610 price,"Rs. 33,000"
766,Infinix Note 5 price,"Rs. 32,999"
767,Sony Xperia XA1 Plus price,"Rs. 32,999"
768,Sony Xperia C5 Ultra price,"Rs. 32,849"
769,Samsung Galaxy C7 price,"Rs. 32,800"
770,Samsung Galaxy J7 Max price,"Rs. 32,499"
771,LG Nexus 5 price,"Rs. 32,000"
772,Honor 10 Lite 128GB price,"Rs. 31,999"
773,Oppo A5 2020 price,"Rs. 31,999"
774,Huawei P10 Lite price,"Rs. 31,999"
775,Vivo Y19 price,"Rs. 31,999"
776,Huawei Y9 2019 price,"Rs. 31,999"
777,Oppo A7 price,"Rs. 31,999"
778,Xiaomi Redmi Note 5 Pro price,"Rs. 31,999"
779,Vivo Y95 price,"Rs. 31,999"
780,LG Nexus 5X price,"Rs. 31,799"
781,LG G4 price,"Rs. 31,799"
782,Meizu MX6 price,"Rs. 31,500"
783,Apple iphone SE price,"Rs. 31,500"
784,Lenovo K5 Note price,"Rs. 31,499"
785,Samsung Galaxy A20s price,"Rs. 30,999"
786,Samsung Galaxy J6 Plus price,"Rs. 30,999"
787,LG V20 price,"Rs. 30,999"
788,Lenovo Vibe X2 price,"Rs. 30,600"
789,LG W30 Pro price,"Rs. 30,470"
790,Huawei ShotX price,"Rs. 30,000"
791,Vivo V9 price,"Rs. 29,999"
792,Xiaomi Redmi Note 8 price,"Rs. 29,999"
793,Samsung Galaxy J5 Pro price,"Rs. 29,999"
794,Meizu M6 Note price,"Rs. 29,999"
795,Oppo A5 price,"Rs. 29,999"
796,Motorola Moto One Macro price,"Rs. 29,999"
797,Infinix Zero 5 price,"Rs. 29,999"
798,Honor 7X 4GB price,"Rs. 29,999"
799,Oppo A5s 4GB price,"Rs. 29,999"
800,Xiaomi Mi A1 price,"Rs. 29,900"
801,Haier Esteem V4 price,"Rs. 29,900"
802,Lenovo A7010 price,"Rs. 29,900"
803,Nokia 7 Plus price,"Rs. 29,900"
804,Samsung Galaxy J7 Prime price,"Rs. 28,999"
805,LG Q6 price,"Rs. 28,999"
806,Tecno Camon X Pro price,"Rs. 28,999"
807,Huawei Y7 Prime 2019 SE price,"Rs. 28,999"
808,Xiaomi Redmi S2 4GB price,"Rs. 28,999"
809,Samsung Galaxy J7 Pro 32GB price,"Rs. 28,999"
810,Xiaomi Mi Max 2 price,"Rs. 28,999"
811,Nokia 6.1 Plus price,"Rs. 28,799"
812,Alcatel Idol 4 price,"Rs. 28,750"
813,Huawei MediaPad T3 10 price,"Rs. 28,699"
814,Samsung Galaxy A20 price,"Rs. 28,500"
815,Honor 10 Lite price,"Rs. 28,499"
816,Motorola Moto G5S Plus price,"Rs. 28,000"
817,Xiaomi Redmi Note 7 price,"Rs. 27,999"
818,Samsung Galaxy J6 price,"Rs. 27,999"
819,Realme 5 128GB price,"Rs. 27,999"
820,Oppo A5 2020 64GB price,"Rs. 27,999"
821,Infinix S5 6GB price,"Rs. 27,999"
822,Xiaomi Redmi Note 6 Pro price,"Rs. 27,999"
823,Sony Xperia L2 price,"Rs. 27,999"
824,Vivo Y15 price,"Rs. 27,999"
825,Nokia 6 2018 price,"Rs. 27,800"
826,Huawei Y7 Prime 2019 price,"Rs. 27,699"
827,QMobile Noir E8 price,"Rs. 27,500"
828,Huawei Y9 2018 price,"Rs. 27,499"
829,HTC One Mini price,"Rs. 27,499"
830,LG W10 price,"Rs. 27,085"
831,Motorola Moto E5 Plus price,"Rs. 27,000"
832,HTC One Mini 2 price,"Rs. 26,999"
833,Oppo F7 Youth price,"Rs. 26,999"
834,Samsung Galaxy J7 2016 price,"Rs. 26,999"
835,Xiaomi Redmi 5 Plus 4GB price,"Rs. 26,900"
836,HTC One A9s price,"Rs. 26,900"
837,Lenovo S90 price,"Rs. 26,900"
838,LG G Flex price,"Rs. 26,500"
839,Huawei Honor 6x price,"Rs. 26,500"
840,HTC Desire 728 price,"Rs. 26,500"
841,Infinix Zero 4 Plus price,"Rs. 26,499"
842,Infinix Note 4 Pro price,"Rs. 26,400"
843,Lenovo Vibe S1 Lite price,"Rs. 26,000"
844,Xiaomi Redmi 7 price,"Rs. 25,999"
845,Realme 5 price,"Rs. 25,999"
846,Infinix S4 6GB price,"Rs. 25,999"
847,Oppo A83 4GB price,"Rs. 25,999"
848,Huawei Honor 7X price,"Rs. 25,999"
849,Infinix Hot S3 4GB price,"Rs. 25,999"
850,Lenovo K6 Note price,"Rs. 25,900"
851,HTC U Play price,"Rs. 25,800"
852,Apple iphone 5S 16GB price,"Rs. 25,799"
853,Sony Xperia M5 price,"Rs. 25,500"
854,Motorola Moto M price,"Rs. 25,400"
855,Honor 7X price,"Rs. 24,999"
856,Vivo Y91 price,"Rs. 24,999"
857,Oppo A3s 3GB price,"Rs. 24,999"
858,Tecno Phantom 6 price,"Rs. 24,999"
859,Xiaomi Redmi 6 4GB price,"Rs. 24,999"
860,Realme 3 4GB price,"Rs. 24,999"
861,Motorola Moto E6 price,"Rs. 24,999"
862,BlackBerry Aurora price,"Rs. 24,999"
863,Vivo Y12 price,"Rs. 24,999"
864,HTC Desire 10 Pro price,"Rs. 24,899"
865,Alcatel Idol 3 price,"Rs. 24,500"
866,Meizu M6T price,"Rs. 24,000"
867,Xiaomi Mi Max price,"Rs. 24,000"
868,HTC Desire 820 price,"Rs. 24,000"
869,Lenovo Zuk Z1 price,"Rs. 23,999"
870,Xiaomi Redmi 8 price,"Rs. 23,999"
871,Infinix Hot S3X 4GB price,"Rs. 23,999"
872,Infinix Hot S5 price,"Rs. 23,999"
873,Realme 5 3GB price,"Rs. 23,999"
874,Honor 8C price,"Rs. 23,999"
875,Huawei P Smart price,"Rs. 23,999"
876,Sony Xperia XA1 price,"Rs. 23,999"
877,LG W30 price,"Rs. 23,699"
878,Haier Esteem i90 price,"Rs. 23,500"
879,Nokia 3.2 64GB price,"Rs. 23,500"
880,Huawei Honor 8 Lite price,"Rs. 23,500"
881,Infinix S4 price,"Rs. 23,500"
882,HTC 10 Lifestyle price,"Rs. 23,499"
883,Samsung Galaxy J4 Plus price,"Rs. 23,499"
884,Honor 9 Lite price,"Rs. 23,299"
885,Huawei Honor 9 Lite price,"Rs. 23,299"
886,Huawei Y7 Prime price,"Rs. 22,999"
887,Xiaomi Mi A2 Lite price,"Rs. 22,999"
888,Realme 3 price,"Rs. 22,999"
889,Oppo A5s price,"Rs. 22,999"
890,Vivo Y11 price,"Rs. 22,999"
891,Vivo Y93 price,"Rs. 22,999"
892,Samsung Galaxy J7 Core 3GB price,"Rs. 22,999"
893,Nokia 5.1 Plus price,"Rs. 22,899"
894,Lenovo S60 price,"Rs. 22,700"
895,QMobile Noir Z14 price,"Rs. 22,500"
896,Tecno Camon i4 4GB price,"Rs. 22,500"
897,Lenovo P70 price,"Rs. 22,500"
898,Motorola Moto E5 price,"Rs. 22,500"
899,Samsung Galaxy A10s price,"Rs. 22,500"
900,Nokia 3.2 32GB price,"Rs. 22,499"
901,Huawei Y7 Prime 2018 price,"Rs. 22,499"
902,Sony Xperia XA price,"Rs. 22,499"
903,Xiaomi Redmi S2 price,"Rs. 22,499"
904,Samsung Galaxy J5 2016 price,"Rs. 22,499"
905,Oppo A83 price,"Rs. 22,000"
906,Samsung Galaxy A10 price,"Rs. 21,999"
907,Xiaomi Redmi 6 price,"Rs. 21,999"
908,Realme C2 64GB price,"Rs. 21,999"
909,QMobile Noir A1 price,"Rs. 21,500"
910,LG Stylus 3 price,"Rs. 21,500"
911,Nokia 3.1 price,"Rs. 21,249"
912,Xiaomi Redmi 5 Plus price,"Rs. 21,000"
913,Tecno Camon X price,"Rs. 20,999"
914,Tecno Camon CX price,"Rs. 20,999"
915,Infinix S5 Lite price,"Rs. 20,999"
916,Infinix Note 3 4G price,"Rs. 20,599"
917,Xiaomi Redmi 5 3GB price,"Rs. 20,500"
918,QMobile Noir Z12 price,"Rs. 20,500"
919,iNew L3 price,"Rs. 20,500"
920,QMobile Noir M6 price,"Rs. 20,500"
921,Honor 8A price,"Rs. 19,999"
922,Vivo Y71 price,"Rs. 19,999"
923,Oppo A5s 2GB price,"Rs. 19,999"
924,Realme C2 3GB 32GB price,"Rs. 19,999"
925,Tecno Camon i4 price,"Rs. 19,999"
926,Alcatel X1 price,"Rs. 19,999"
927,Huawei Y5 2019 price,"Rs. 19,999"
928,LG G4 Stylus price,"Rs. 19,999"
929,Tecno Camon I price,"Rs. 19,999"
930,Samsung Galaxy J4 price,"Rs. 19,999"
931,Infinix Hot 7 Pro price,"Rs. 19,999"
932,Motorola Moto E4 Plus price,"Rs. 19,999"
933,Nokia 6 price,"Rs. 19,990"
934,Lenovo A7000 Plus price,"Rs. 19,900"
935,Oppo A71 price,"Rs. 19,899"
936,Nokia 3.1 Plus price,"Rs. 19,899"
937,LG G2 price,"Rs. 19,850"
938,Infinix Hot S3X price,"Rs. 19,600"
939,Meizu M3 Note price,"Rs. 19,500"
940,QMobile Noir Z9 Plus price,"Rs. 19,500"
941,HTC Desire 626 price,"Rs. 19,500"
942,Lenovo Vibe K5 Plus price,"Rs. 19,500"
943,Infinix Smart 2 32GB price,"Rs. 19,500"
944,Huawei Y6 LTE price,"Rs. 19,500"
945,QMobile Noir Z9 price,"Rs. 19,500"
946,Tecno Camon 12 Air price,"Rs. 19,499"
947,Infinix Zero 4 price,"Rs. 19,499"
948,Huawei Y6II price,"Rs. 18,999"
949,Honor 7C price,"Rs. 18,999"
950,Lenovo K5 Play price,"Rs. 18,999"
951,Samsung Galaxy J5 Prime price,"Rs. 18,999"
952,Huawei Y6 Prime 2019 price,"Rs. 18,999"
953,Infinix Note 4 price,"Rs. 18,999"
954,Samsung Galaxy J7 Core price,"Rs. 18,999"
955,Xiaomi Redmi Note 5A Prime price,"Rs. 18,999"
956,Oppo A3s price,"Rs. 18,999"
957,Xiaomi Redmi Note 4 price,"Rs. 18,999"
958,Infinix Hot 8 4GB price,"Rs. 18,999"
959,Xiaomi Redmi 6A 32GB price,"Rs. 18,999"
960,Oppo A1K price,"Rs. 18,999"
961,Infinix Hot 6 Pro 3GB price,"Rs. 18,999"
962,Infinix Hot S3 price,"Rs. 18,999"
963,Huawei Honor 7C price,"Rs. 18,999"
964,Xiaomi Redmi 4X price,"Rs. 18,900"
965,QMobile Phantom P1 Pro price,"Rs. 18,500"
966,Samsung Galaxy J4 Core price,"Rs. 18,499"
967,LG K10 2017 price,"Rs. 18,299"
968,Vivo Y91c price,"Rs. 17,999"
969,Xiaomi Redmi 6A price,"Rs. 17,999"
970,Lenovo A7000 price,"Rs. 17,999"
971,Meizu M6 price,"Rs. 17,999"
972,Oppo A37 price,"Rs. 17,999"
973,QMobile QInfinity Prime price,"Rs. 17,999"
974,Oppo A71 2018 price,"Rs. 17,999"
975,QMobile Noir Z8 Plus price,"Rs. 17,990"
976,Lenovo Vibe P1m price,"Rs. 17,900"
977,Samsung Galaxy Grand Prime Plus price,"Rs. 17,700"
978,Nokia 2.2 price,"Rs. 17,700"
979,Tecno Camon I Air price,"Rs. 17,699"
980,Nokia 5 price,"Rs. 17,650"
981,QMobile Noir Z12 Pro price,"Rs. 17,500"
982,QMobile Noir A1 Lite price,"Rs. 17,500"
983,Xiaomi Redmi 5 price,"Rs. 17,499"
984,Honor 5C Pro price,"Rs. 17,299"
985,Lenovo A606 price,"Rs. 17,000"
986,Vivo Y90 price,"Rs. 16,999"
987,Realme C1 price,"Rs. 16,999"
988,Infinix Hot 8 price,"Rs. 16,999"
989,QMobile Phantom P1 price,"Rs. 16,999"
990,Realme C2 32GB price,"Rs. 16,999"
991,QMobile Q Infinity price,"Rs. 16,999"
992,Tecno Camon iSky 3 price,"Rs. 16,999"
993,Samsung Galaxy Grand Prime Pro price,"Rs. 16,999"
994,Lenovo K6 price,"Rs. 16,900"
995,Xiaomi Redmi Note 5A price,"Rs. 16,900"
996,QMobile Noir X1S price,"Rs. 16,500"
997,QMobile Noir CS1 Plus price,"Rs. 16,500"
998,QMobile Noir Z10 White price,"Rs. 16,500"
999,Rivo Phantom PZ20 price,"Rs. 16,500"
1000,QMobile Noir Z10 price,"Rs. 16,500"
1001,Sony Xperia L1 price,"Rs. 16,500"
1002,Nokia 3.2 price,"Rs. 16,499"
1003,Infinix Hot 4 Pro price,"Rs. 16,400"
1004,Nokia 3 price,"Rs. 16,400"
1005,Infinix Hot 6 Pro price,"Rs. 16,000"
1006,QMobile Noir LT750 price,"Rs. 16,000"
1007,QMobile King Kong Max price,"Rs. 16,000"
1008,LG G4 Beat price,"Rs. 15,999"
1009,Huawei Y5 Prime 2018 price,"Rs. 15,999"
1010,Tecno Camon iSky 2 price,"Rs. 15,999"
1011,Xiaomi Redmi 8A price,"Rs. 15,999"
1012,QMobile Noir J7 price,"Rs. 15,999"
1013,Infinix Note 2 price,"Rs. 15,999"
1014,Tecno Spark 4 price,"Rs. 15,999"
1015,Honor 8S price,"Rs. 15,999"
1016,Realme C2 price,"Rs. 15,999"
1017,Infinix Smart 3 Plus price,"Rs. 15,999"
1018,Infinix S2 Pro price,"Rs. 15,999"
1019,Tecno Camon CX Air price,"Rs. 15,990"
1020,Haier Esteem L50 price,"Rs. 15,990"
1021,Honor 7A price,"Rs. 15,799"
1022,Huawei Y5 Lite price,"Rs. 15,500"
1023,Xiaomi Redmi 5A HD price,"Rs. 15,500"
1024,Lenovo K320T price,"Rs. 15,500"
1025,QMobile Noir LT700 Pro price,"Rs. 15,500"
1026,Infinix S2 price,"Rs. 15,499"
1027,Haier Leisure L55s price,"Rs. 15,499"
1028,Infinix Smart 4 price,"Rs. 15,499"
1029,Infinix Hot 3 Pro price,"Rs. 15,200"
1030,Meizu M5 price,"Rs. 15,100"
1031,QMobile Noir E3 Dual price,"Rs. 15,000"
1032,Lenovo A6010 price,"Rs. 14,999"
1033,Honor 7S price,"Rs. 14,999"
1034,Tecno WX4 Pro price,"Rs. 14,999"
1035,Samsung Galaxy A2 Core price,"Rs. 14,999"
1036,Tecno Spark Pro price,"Rs. 14,999"
1037,Motorola Moto E4 price,"Rs. 14,999"
1038,Infinix Hot S price,"Rs. 14,899"
1039,QMobile QInfinity Cinema price,"Rs. 14,500"
1040,QMobile Noir A3 price,"Rs. 14,500"
1041,Xiaomi Redmi 4A price,"Rs. 14,500"
1042,QMobile Noir J7 Pro price,"Rs. 14,499"
1043,Meizu C9 price,"Rs. 14,000"
1044,QMobile Noir E2 price,"Rs. 14,000"
1045,QMobile Noir M6 Lite price,"Rs. 14,000"
1046,LG X Screen price,"Rs. 13,999"
1047,QMobile CS1 price,"Rs. 13,999"
1048,Lenovo C2 Power price,"Rs. 13,999"
1049,Tecno Camon iACE2 price,"Rs. 13,999"
1050,Alcatel Pop 4S price,"Rs. 13,999"
1051,Motorola Moto C Plus price,"Rs. 13,999"
1052,Lenovo A6000 price,"Rs. 13,900"
1053,Alcatel Tablet Pixi4 LTE price,"Rs. 13,900"
1054,QMobile Noir LT700 3GB price,"Rs. 13,750"
1055,Alcatel Pop Star 4G price,"Rs. 13,750"
1056,Alcatel Pop 4 price,"Rs. 13,700"
1057,Huawei Y6 price,"Rs. 13,500"
1058,General Mobile 4G price,"Rs. 13,499"
1059,Telenor Infinity A price,"Rs. 13,000"
1060,Alcatel Pop Up price,"Rs. 12,999"
1061,QMobile Noir S15 price,"Rs. 12,999"
1062,QMobile Noir E1 price,"Rs. 12,750"
1063,Infinix Hot 4 LTE price,"Rs. 12,600"
1064,QMobile Fire price,"Rs. 12,500"
1065,QMobile Noir Z8 price,"Rs. 12,500"
1066,QMobile Noir LT680 price,"Rs. 12,500"
1067,QMobile S9 price,"Rs. 12,500"
1068,Tecno Spark Go price,"Rs. 12,499"
1069,Nokia 2.1 price,"Rs. 12,450"
1070,QMobile Noir LT700 price,"Rs. 12,200"
1071,QMobile Noir S8 Plus price,"Rs. 12,000"
1072,QMobile QInfinity E price,"Rs. 12,000"
1073,Infinix Smart 3 price,"Rs. 11,999"
1074,Infinix Smart 2 price,"Rs. 11,999"
1075,QMobile QTAB V500 price,"Rs. 11,999"
1076,Nokia 2 price,"Rs. 11,920"
1077,Xiaomi Redmi Go price,"Rs. 11,699"
1078,QMobile QSmart Hot Pro 2 price,"Rs. 11,499"
1079,Nokia 1 Plus price,"Rs. 11,450"
1080,Zong Z1 price,"Rs. 10,999"
1081,QMobile QInfinity E Lite price,"Rs. 10,999"
1082,QMobile Noir A6 price,"Rs. 10,999"
1083,Infinix S4 16GB price,"Rs. 10,999"
1084,Infinix Smart 2 HD price,"Rs. 10,999"
1085,Telenor Infinity E2 price,"Rs. 10,900"
1086,LG K8 2017 price,"Rs. 10,700"
1087,Haier Ginger G55 price,"Rs. 10,499"
1088,LG X power price,"Rs. 10,250"
1089,Alcatel Pixi 4 6 price,"Rs. 10,000"
1090,QMobile Noir J5 price,"Rs. 9,999"
1091,Alcatel Pop 4 PLus price,"Rs. 9,999"
1092,QMobile QInfinity D price,"Rs. 9,999"
1093,Telenor Infinity E3 price,"Rs. 9,900"
1094,Lenovo Vibe B price,"Rs. 9,500"
1095,Telenor Infinity E price,"Rs. 9,500"
1096,QMobile Noir J2 price,"Rs. 9,500"
1097,Telenor Infinity A2 price,"Rs. 9,499"
1098,QMobile QSmart LT950 price,"Rs. 9,499"
1099,Nokia 1 price,"Rs. 9,499"
1100,Telenor Infinity i5 price,"Rs. 9,000"
1101,Lenovo Vibe C price,"Rs. 8,999"
1102,GFive 4G LTE 3 price,"Rs. 8,999"
1103,QMobile QSmart LT900 price,"Rs. 8,999"
1104,QMobile Noir LT500 Pro price,"Rs. 8,500"
1105,QMobile Noir J1 price,"Rs. 8,500"
1106,QMobile QInfinity C price,"Rs. 8,499"
1107,QMobile Noir LT600 Pro price,"Rs. 8,450"
1108,QMobile QSmart LT200 price,"Rs. 7,999"
1109,QMobile Noir LT550 price,"Rs. 7,999"
1110,Tecno Pop 2F price,"Rs. 7,999"
1111,Rivo Phantom PZ4 price,"Rs. 7,950"
1112,Telenor Infinity I price,"Rs. 7,500"
1113,QMobile Noir LT300 price,"Rs. 7,250"
1114,Nokia 8110 4G price,"Rs. 7,150"
1115,QMobile Noir LT100 price,"Rs. 6,999"
1116,Lenovo A2010 price,"Rs. 6,500"
1117,GFive 4G LTE 2 price,"Rs. 5,499"
1118,Apple iphone 5se price,N/A
1119,Samsung Galaxy Note 5 price,N/A
1120,Samsung Galaxy A5 2017 price,N/A
1121,Oppo F7 price,N/A
1122,Huawei P9 Lite price,N/A
1123,Samsung Galaxy A7 2017 price,N/A
1124,Huawei Y6 Prime 2018 price,N/A
1125,Vivo V9 Youth price,N/A
1126,Motorola Moto E3 Power price,N/A
1127,Oppo F7 128GB price,N/A
1128,Huawei Mate 10 price,N/A
1129,Huawei P10 price,N/A
1130,Motorola Moto G5 Plus price,N/A
1131,Apple iphone 7s price,N/A
1132,Oppo F9 price,N/A
1133,Oppo F9 6GB price,N/A
1134,Oppo F5 6GB price,N/A
1135,Lenovo A3690 price,N/A
1136,Motorola Moto X Force price,N/A
1137,Samsung Galaxy S8 price,N/A
1138,Apple iPhone 9 price,N/A
1139,Samsung Galaxy A8 Plus 2018 price,N/A
1140,Samsung Galaxy Fold,"Expected Price Rs. 299,999"
1141,Samsung Galaxy Note 10 5G,"Expected Price Rs. 189,999"
1142,Samsung Galaxy S11 Plus,"Expected Price Rs. 184,999"
1143,Samsung Galaxy S11,"Expected Price Rs. 169,999"
1144,Samsung Galaxy S11e,"Expected Price Rs. 144,999"
1145,Samsung Galaxy S10 Lite,"Expected Price Rs. 132,999"
